{"title":"Blog List","url":"/blog-list","hero_banner":[{"banner_title_only":{"title":"Blog posts","image":{"uid":"blt0105b1658912060a","created_at":"2020-06-22T09:34:26.600Z","updated_at":"2020-06-22T09:34:26.600Z","created_by":"bltf01cfddcefa2394d","updated_by":"bltf01cfddcefa2394d","content_type":"image/jpeg","file_size":"6364894","tags":[],"filename":"Blog_banner.jpg","url":"https://images.contentstack.io/v3/assets/blt3d760ac5ff7f3ff6/blt0105b1658912060a/5ef07b227253820a4364e8af/Blog_banner.jpg","ACL":[],"is_dir":false,"parent_uid":null,"_version":1,"title":"Blog_banner.jpg"}}}],"modular_blocks":[{"blog_list":{"blog_image":{"uid":"blt91f994f19fbbff4b","created_at":"2020-06-22T09:33:44.215Z","updated_at":"2020-06-22T09:33:44.215Z","created_by":"bltf01cfddcefa2394d","updated_by":"bltf01cfddcefa2394d","content_type":"image/jpeg","file_size":"651231","tags":[],"filename":"travel_blog.jpg","url":"https://images.contentstack.io/v3/assets/blt3d760ac5ff7f3ff6/blt91f994f19fbbff4b/5ef07af834f8f30c7cfb37f7/travel_blog.jpg","ACL":[],"is_dir":false,"parent_uid":null,"_version":1,"title":"travel_blog.jpg"},"blog_details":"<h4>Travel Blog</h4>\n<p><strong>Author</strong>: David</p>\n<p><strong>Summery</strong>: Lorem ipsum dolor sit amet, consectetur adipiscing elit, sed do eiusmod tempor incididunt ut labore et dolore magna aliqua. Neque sodales ut etiam sit. Vestibulum sed arcu non odio euismod lacinia at</p>","cta":{"title":"readmore","href":"/travel-blog"}}},{"blog_list":{"blog_image":{"uid":"bltb1c3c0eb949a2b28","created_at":"2020-06-22T09:33:45.140Z","updated_at":"2020-06-22T09:33:45.140Z","created_by":"bltf01cfddcefa2394d","updated_by":"bltf01cfddcefa2394d","content_type":"image/jpeg","file_size":"705859","tags":[],"filename":"food_blog.jpg","url":"https://images.contentstack.io/v3/assets/blt3d760ac5ff7f3ff6/bltb1c3c0eb949a2b28/5ef07af9dee8140c761c1ecd/food_blog.jpg","ACL":[],"is_dir":false,"parent_uid":null,"_version":1,"title":"food_blog.jpg"},"blog_details":"<h4>Food Blog</h4>\n<p><strong>Author</strong>: William</p>\n<p><strong>Summery</strong>: Lorem ipsum dolor sit amet, consectetur adipiscing elit, sed do eiusmod tempor incididunt ut labore et dolore magna aliqua. Neque sodales ut etiam sit. Vestibulum sed arcu non odio euismod lacinia at</p>","cta":{"title":"readmore","href":"/food-blog"}}},{"blog_list":{"blog_image":{"uid":"blt888adc0fbadc5fba","created_at":"2020-06-22T09:33:49.884Z","updated_at":"2020-06-22T09:33:49.884Z","created_by":"bltf01cfddcefa2394d","updated_by":"bltf01cfddcefa2394d","content_type":"image/jpeg","file_size":"1004969","tags":[],"filename":"technology.jpg","url":"https://images.contentstack.io/v3/assets/blt3d760ac5ff7f3ff6/blt888adc0fbadc5fba/5ef07afd7bcaf625d820f4f2/technology.jpg","ACL":[],"is_dir":false,"parent_uid":null,"_version":1,"title":"technology.jpg"},"blog_details":"<h4>Science and Technology Blog</h4>\n<p><strong>Author</strong>: Lucas</p>\n<p><strong>Summery</strong>: Lorem ipsum dolor sit amet, consectetur adipiscing elit, sed do eiusmod tempor incididunt ut labore et dolore magna aliqua. Neque sodales ut etiam sit. Vestibulum sed arcu non odio euismod lacinia at</p>","cta":{"title":"readmore","href":"/science-and-technology-blog"}}},{"blog_list":{"blog_image":{"uid":"blta3df7495be2528c3","created_at":"2020-06-22T09:33:59.556Z","updated_at":"2020-06-22T09:33:59.556Z","created_by":"bltf01cfddcefa2394d","updated_by":"bltf01cfddcefa2394d","content_type":"image/jpeg","file_size":"1792118","tags":[],"filename":"sports.jpg","url":"https://images.contentstack.io/v3/assets/blt3d760ac5ff7f3ff6/blta3df7495be2528c3/5ef07b075f3aa42c4669edce/sports.jpg","ACL":[],"is_dir":false,"parent_uid":null,"_version":1,"title":"sports.jpg"},"blog_details":"<h4>Sports Blog</h4>\n<p><strong>Author</strong>: Logan</p>\n<p><strong>Summery</strong>: Lorem ipsum dolor sit amet, consectetur adipiscing elit, sed do eiusmod tempor incididunt ut labore et dolore magna aliqua. Neque sodales ut etiam sit. Vestibulum sed arcu non odio euismod lacinia a</p>","cta":{"title":"readmore","href":"/sports-blog"}}},{"blog_list":{"blog_image":{"uid":"bltd414f8dafed8b8a5","created_at":"2020-06-22T09:34:23.111Z","updated_at":"2020-06-22T09:34:23.111Z","created_by":"bltf01cfddcefa2394d","updated_by":"bltf01cfddcefa2394d","content_type":"image/jpeg","file_size":"4821965","tags":[],"filename":"gaming.jpg","url":"https://images.contentstack.io/v3/assets/blt3d760ac5ff7f3ff6/bltd414f8dafed8b8a5/5ef07b1f688c1c62a49af071/gaming.jpg","ACL":[],"is_dir":false,"parent_uid":null,"_version":1,"title":"gaming.jpg"},"blog_details":"<h4>Gaming Blog</h4>\n<p><strong>Author</strong>: Ethan</p>\n<p><strong>Summery</strong>: Lorem ipsum dolor sit amet, consectetur adipiscing elit, sed do eiusmod tempor incididunt ut labore et dolore magna aliqua. Neque sodales ut etiam sit. Vestibulum sed arcu non odio euismod lacinia at</p>","cta":{"title":"readmore","href":"/gaming-blog"}}},{"blog_list":{"blog_image":{"uid":"bltdabd41dea207a9bb","created_at":"2020-06-22T09:33:36.813Z","updated_at":"2020-06-22T09:33:36.813Z","created_by":"bltf01cfddcefa2394d","updated_by":"bltf01cfddcefa2394d","content_type":"image/jpeg","file_size":"381195","tags":[],"filename":"education.jpg","url":"https://images.contentstack.io/v3/assets/blt3d760ac5ff7f3ff6/bltdabd41dea207a9bb/5ef07af06b547b2c37e3b62a/education.jpg","ACL":[],"is_dir":false,"parent_uid":null,"_version":1,"title":"education.jpg"},"blog_details":"<h4>Educational Blog</h4>\n<p><strong>Author</strong>: Henry</p>\n<p><strong>Summery</strong>: Lorem ipsum dolor sit amet, consectetur adipiscing elit, sed do eiusmod tempor incididunt ut labore et dolore magna aliqua. Neque sodales ut etiam sit. Vestibulum sed arcu non odio euismod lacinia at</p>","cta":{"title":"readmore","href":"/educational-blog"}}}],"tags":[],"locale":"en-us","uid":"blt19827833d45c2892","created_by":"bltf01cfddcefa2394d","updated_by":"bltf01cfddcefa2394d","created_at":"2020-06-22T10:34:24.273Z","updated_at":"2020-06-22T12:35:12.792Z","_version":2,"_in_progress":false,"reference_footer":[{"uid":"bltbc2bdc5c89e4b36b","_content_type_uid":"footer"}],"reference_header":[{"uid":"blt1c68940321c47967","_content_type_uid":"header"}]}