{"created_at":"2020-04-02T06:58:58.704Z","updated_at":"2020-04-02T06:58:58.704Z","title":"Header","uid":"header","_version":1,"inbuilt_class":false,"schema":[{"display_name":"Title","uid":"title","data_type":"text","mandatory":true,"unique":true,"field_metadata":{"_default":true,"version":3},"multiple":false,"non_localizable":false},{"data_type":"text","display_name":"Logo Title","uid":"logo_title","field_metadata":{"description":"","default_value":"","version":3},"format":"","error_messages":{"format":""},"multiple":false,"mandatory":false,"unique":false,"non_localizable":false},{"data_type":"file","display_name":"Logo Image","uid":"logo_image","extensions":[],"field_metadata":{"description":"","rich_text_type":"standard"},"multiple":false,"mandatory":false,"unique":false,"non_localizable":false},{"data_type":"group","display_name":"Nav Menu","field_metadata":{},"schema":[{"data_type":"link","display_name":"Link","uid":"link","field_metadata":{"description":"","default_value":""},"multiple":true,"mandatory":false,"unique":false,"non_localizable":false}],"uid":"nav_menu","multiple":false,"mandatory":false,"unique":false,"non_localizable":false}],"last_activity":{"environments":[{"uid":"blt8c79a5d3c9705ead","details":[{"locale":"en-us","time":"2020-04-02T08:42:23.551Z"}]},{"uid":"bltada302088b6ec585","details":[{"locale":"en-us","time":"2020-04-02T08:42:17.063Z"}]},{"uid":"bltd509faf0a9869a57","details":[{"locale":"en-us","time":"2017-05-18T10:41:22.582Z"}]}]},"maintain_revisions":true,"description":"header","DEFAULT_ACL":[{"k":"others","v":{"read":false,"create":false}},{"k":"users.blt7d2f054bb7eda501","v":{"read":true,"sub_acl":{"read":true}}}],"SYS_ACL":{"roles":[]},"options":{"is_page":false,"singleton":true,"title":"title","sub_title":[]},"abilities":{"get_one_object":true,"get_all_objects":true,"create_object":true,"update_object":true,"delete_object":true,"delete_all_objects":true}}