{"locale":"en-us","_in_progress":false,"_version":6,"about":{"about_content":[{"title":"Careers","description":"It takes a great team to achieve great results. it is our commitment to bring out the best in every team member and let every idea be heard. This is how we tackle challenging projects and deliver products we can all be proud of.","image":{"uid":"blta4a075a46ae361af","created_at":"2020-04-02T08:21:41.245Z","updated_at":"2020-04-02T08:21:41.245Z","created_by":"bltf01cfddcefa2394d","updated_by":"bltf01cfddcefa2394d","content_type":"image/png","file_size":"41257","tags":[],"filename":"about.PNG","url":"https://images.contentstack.io/v3/assets/blt9a66fc0dee28e4d0/blta4a075a46ae361af/5e85a09545fc023b7f0889c4/about.PNG","ACL":[],"is_dir":false,"parent_uid":null,"_version":1,"title":"about.PNG"},"cta":{"title":"read more...","href":"#"}},{"title":"News","description":"We listen to our clients and develop a customized Website and Software/Application that will enhance your overall corporate image Buisness.","image":{"uid":"blta4a075a46ae361af","created_at":"2020-04-02T08:21:41.245Z","updated_at":"2020-04-02T08:21:41.245Z","created_by":"bltf01cfddcefa2394d","updated_by":"bltf01cfddcefa2394d","content_type":"image/png","file_size":"41257","tags":[],"filename":"about.PNG","url":"https://images.contentstack.io/v3/assets/blt9a66fc0dee28e4d0/blta4a075a46ae361af/5e85a09545fc023b7f0889c4/about.PNG","ACL":[],"is_dir":false,"parent_uid":null,"_version":1,"title":"about.PNG"},"cta":{"title":"read more...","href":"#"}},{"title":"Partner Network","description":"Partnership Program is designed to help businesses take advantage of our technical excellence and multi-year domain\nexpertise.","image":{"uid":"blta4a075a46ae361af","created_at":"2020-04-02T08:21:41.245Z","updated_at":"2020-04-02T08:21:41.245Z","created_by":"bltf01cfddcefa2394d","updated_by":"bltf01cfddcefa2394d","content_type":"image/png","file_size":"41257","tags":[],"filename":"about.PNG","url":"https://images.contentstack.io/v3/assets/blt9a66fc0dee28e4d0/blta4a075a46ae361af/5e85a09545fc023b7f0889c4/about.PNG","ACL":[],"is_dir":false,"parent_uid":null,"_version":1,"title":"about.PNG"},"cta":{"title":"read more...","href":"#"}},{"title":"Blog","description":"We specialize in everything 'digital' – from Website designing, Logo designing to Content Management System,Copy Writing, Custom Software Development, SEO, e-commerce sites and many more.","image":{"uid":"blta4a075a46ae361af","created_at":"2020-04-02T08:21:41.245Z","updated_at":"2020-04-02T08:21:41.245Z","created_by":"bltf01cfddcefa2394d","updated_by":"bltf01cfddcefa2394d","content_type":"image/png","file_size":"41257","tags":[],"filename":"about.PNG","url":"https://images.contentstack.io/v3/assets/blt9a66fc0dee28e4d0/blta4a075a46ae361af/5e85a09545fc023b7f0889c4/about.PNG","ACL":[],"is_dir":false,"parent_uid":null,"_version":1,"title":"about.PNG"},"cta":{"title":"read more...","href":"#"}}],"description":"","title":"ABOUT"},"created_at":"2020-04-02T13:06:27.090Z","created_by":"bltf01cfddcefa2394d","reference_footer":[{"uid":"blt26bae7968ed07787","_content_type_uid":"footer"}],"reference_header":[{"uid":"blt3eba6e90048c510b","_content_type_uid":"header"}],"tags":[],"title":"About","uid":"blta9642c6c41563490","updated_at":"2020-04-06T08:05:52.677Z","updated_by":"bltf01cfddcefa2394d","url":"/about"}