{"_version":3,"locale":"en-us","uid":"bltbb96b56ae705d780","_in_progress":false,"blog_body":[{"blog_content_rte":{"single_line":"Blog","rich_text_editor":"<p>Lorem ipsum dolor sit amet, consectetur adipiscing elit, sed do eiusmod tempor incididunt ut labore et dolore magna aliqua. Nisi lacus sed viverra tellus in. Feugiat pretium nibh ipsum consequat nisl vel pretium. Ac feugiat sed lectus vestibulum. Nunc faucibus a pellentesque sit amet porttitor eget. Nibh sit amet commodo nulla facilisi nullam vehicula ipsum a. Eu augue ut lectus arcu bibendum at varius vel pharetra. Mauris in aliquam sem fringilla ut morbi. Eu turpis egestas pretium aenean pharetra magna ac placerat. Id faucibus nisl tincidunt eget nullam non nisi est. Sit amet justo donec enim. Donec ac odio tempor orci dapibus. In eu mi bibendum neque egestas congue quisque egestas diam. Eget sit amet tellus cras adipiscing. Sapien faucibus et molestie ac feugiat sed lectus vestibulum. In egestas erat imperdiet sed. Ornare lectus sit amet est placerat in egestas erat.</p>\n<p>Et malesuada fames ac turpis. Viverra maecenas accumsan lacus vel. Egestas egestas fringilla phasellus faucibus scelerisque eleifend donec. Interdum velit euismod in pellentesque massa placerat. Venenatis tellus in metus vulputate eu scelerisque felis imperdiet. Lectus nulla at volutpat diam. Suspendisse faucibus interdum posuere lorem ipsum dolor. Diam in arcu cursus euismod quis. Mattis enim ut tellus elementum sagittis. Sit amet porttitor eget dolor. Ultricies integer quis auctor elit sed vulputate mi. Mauris vitae ultricies leo integer malesuada nunc. Purus sit amet volutpat consequat mauris nunc. Viverra nam libero justo laoreet sit amet cursus sit amet.</p>\n<p>Sit amet consectetur adipiscing elit pellentesque habitant morbi tristique. Pharetra magna ac placerat vestibulum lectus mauris. Nulla aliquet porttitor lacus luctus accumsan. Nunc lobortis mattis aliquam faucibus. Imperdiet dui accumsan sit amet nulla facilisi morbi tempus iaculis. Nunc eget lorem dolor sed viverra ipsum nunc. Natoque penatibus et magnis dis parturient. Fermentum et sollicitudin ac orci phasellus egestas tellus rutrum. Adipiscing commodo elit at imperdiet dui accumsan. Accumsan tortor posuere ac ut consequat. Ac ut consequat semper viverra nam libero justo. Amet porttitor eget dolor morbi non arcu risus.</p>\n<p>Augue ut lectus arcu bibendum at varius. Est ante in nibh mauris cursus mattis molestie. Massa sapien faucibus et molestie ac feugiat sed lectus vestibulum. Faucibus vitae aliquet nec ullamcorper sit amet risus. Magnis dis parturient montes nascetur ridiculus mus mauris vitae ultricies. Fringilla urna porttitor rhoncus dolor purus non enim praesent elementum. Amet luctus venenatis lectus magna fringilla. Nibh ipsum consequat nisl vel pretium lectus quam. Donec adipiscing tristique risus nec feugiat. Enim praesent elementum facilisis leo vel fringilla est ullamcorper eget. Aliquet nec ullamcorper sit amet risus nullam. Aliquam id diam maecenas ultricies mi eget mauris pharetra. Consectetur a erat nam at. Nunc sed velit dignissim sodales ut. Ut tortor pretium viverra suspendisse potenti nullam ac tortor. Sit amet cursus sit amet dictum sit amet justo donec.</p>\n<p>Dolor magna eget est lorem ipsum. Tellus pellentesque eu tincidunt tortor. Porttitor rhoncus dolor purus non enim praesent elementum. Velit dignissim sodales ut eu sem integer vitae justo eget. Tincidunt arcu non sodales neque. Aenean euismod elementum nisi quis eleifend. Blandit aliquam etiam erat velit scelerisque in dictum. Donec ac odio tempor orci dapibus ultrices. Enim tortor at auctor urna. Aliquet nibh praesent tristique magna sit amet purus gravida quis. Consequat interdum varius sit amet mattis. Rhoncus dolor purus non enim praesent elementum facilisis leo.</p>"}},{"other_blogger_post":{"file":{"uid":"blta97838a107729654","created_at":"2020-06-14T15:20:52.552Z","updated_at":"2020-06-14T15:20:52.552Z","created_by":"bltf01cfddcefa2394d","updated_by":"bltf01cfddcefa2394d","content_type":"image/jpeg","file_size":"34087","tags":[],"filename":"image1.jpeg","url":"https://images.contentstack.io/v3/assets/blt3d760ac5ff7f3ff6/blta97838a107729654/5ee64054f2c45903a4be1a31/image1.jpeg","ACL":[],"is_dir":false,"_version":1,"title":"image1.jpeg"},"single_line":"Wild Life","multi_line":"Lorem ipsum dolor sit amet, consectetur adipiscing elit, sed do eiusmod tempor incididunt ut labore et dolore magna aliqua.","link":{"title":"View Post","href":"#"}}},{"other_blogger_post":{"file":{"uid":"blt77aab3a1d0b1bf02","created_at":"2020-06-14T15:25:49.187Z","updated_at":"2020-06-14T15:25:49.187Z","created_by":"bltf01cfddcefa2394d","updated_by":"bltf01cfddcefa2394d","content_type":"image/jpeg","file_size":"107534","tags":[],"filename":"image2.jpeg","url":"https://images.contentstack.io/v3/assets/blt3d760ac5ff7f3ff6/blt77aab3a1d0b1bf02/5ee6417d62faa43178971d34/image2.jpeg","ACL":[],"is_dir":false,"_version":1,"title":"image2.jpeg"},"single_line":"Style","multi_line":"Lorem ipsum dolor sit amet, consectetur adipiscing elit, sed do eiusmod tempor incididunt ut labore et dolore magna aliqua.","link":{"title":"View Post","href":"#"}}},{"other_blogger_post":{"file":{"uid":"blt29e59962f5a3038c","created_at":"2020-06-14T15:28:17.892Z","updated_at":"2020-06-14T15:28:17.892Z","created_by":"bltf01cfddcefa2394d","updated_by":"bltf01cfddcefa2394d","content_type":"image/jpeg","file_size":"113587","tags":[],"filename":"image4.jpeg","url":"https://images.contentstack.io/v3/assets/blt3d760ac5ff7f3ff6/blt29e59962f5a3038c/5ee64211711ec84420520e3e/image4.jpeg","ACL":[],"is_dir":false,"_version":1,"title":"image4.jpeg"},"single_line":"Wild craft","multi_line":"Lorem ipsum dolor sit amet, consectetur adipiscing elit, sed do eiusmod tempor incididunt ut labore et dolore magna aliqua.","link":{"title":"View Post","href":"#"}}}],"blog_carousel":[{"carousel_image_1":{"file":{"uid":"blta97838a107729654","created_at":"2020-06-14T15:20:52.552Z","updated_at":"2020-06-14T15:20:52.552Z","created_by":"bltf01cfddcefa2394d","updated_by":"bltf01cfddcefa2394d","content_type":"image/jpeg","file_size":"34087","tags":[],"filename":"image1.jpeg","url":"https://images.contentstack.io/v3/assets/blt3d760ac5ff7f3ff6/blta97838a107729654/5ee64054f2c45903a4be1a31/image1.jpeg","ACL":[],"is_dir":false,"_version":1,"title":"image1.jpeg"},"single_line":"Wild Life","multi_line":"Lorem Ipsum is simply dummied text of the printing and typesetting industry."}},{"carousel_image_2":{"file":{"uid":"blt77aab3a1d0b1bf02","created_at":"2020-06-14T15:25:49.187Z","updated_at":"2020-06-14T15:25:49.187Z","created_by":"bltf01cfddcefa2394d","updated_by":"bltf01cfddcefa2394d","content_type":"image/jpeg","file_size":"107534","tags":[],"filename":"image2.jpeg","url":"https://images.contentstack.io/v3/assets/blt3d760ac5ff7f3ff6/blt77aab3a1d0b1bf02/5ee6417d62faa43178971d34/image2.jpeg","ACL":[],"is_dir":false,"_version":1,"title":"image2.jpeg"},"single_line":"Style"}},{"carousel_image_2":{"file":{"uid":"blt4526f1f670afcf6e","created_at":"2020-06-14T15:26:05.631Z","updated_at":"2020-06-14T15:26:05.631Z","created_by":"bltf01cfddcefa2394d","updated_by":"bltf01cfddcefa2394d","content_type":"image/jpeg","file_size":"43687","tags":[],"filename":"image3.jpeg","url":"https://images.contentstack.io/v3/assets/blt3d760ac5ff7f3ff6/blt4526f1f670afcf6e/5ee6418d58284c442bf80809/image3.jpeg","ACL":[],"is_dir":false,"_version":1,"title":"image3.jpeg"},"single_line":"pixels"}},{"carousel_image_1":{"file":{"uid":"blt29e59962f5a3038c","created_at":"2020-06-14T15:28:17.892Z","updated_at":"2020-06-14T15:28:17.892Z","created_by":"bltf01cfddcefa2394d","updated_by":"bltf01cfddcefa2394d","content_type":"image/jpeg","file_size":"113587","tags":[],"filename":"image4.jpeg","url":"https://images.contentstack.io/v3/assets/blt3d760ac5ff7f3ff6/blt29e59962f5a3038c/5ee64211711ec84420520e3e/image4.jpeg","ACL":[],"is_dir":false,"_version":1,"title":"image4.jpeg"},"single_line":"Wild Craft","multi_line":"Lorem Ipsum is simply dummied text of the printing and typesetting industry."}},{"carousel_image_1":{"file":{"uid":"blte77f9e03ed2aef59","created_at":"2020-06-14T15:29:16.705Z","updated_at":"2020-06-14T15:29:16.705Z","created_by":"bltf01cfddcefa2394d","updated_by":"bltf01cfddcefa2394d","content_type":"image/jpeg","file_size":"54753","tags":[],"filename":"image5.jpeg","url":"https://images.contentstack.io/v3/assets/blt3d760ac5ff7f3ff6/blte77f9e03ed2aef59/5ee6424cb522543a8d527402/image5.jpeg","ACL":[],"is_dir":false,"_version":1,"title":"image5.jpeg"},"single_line":"Blue Sea","multi_line":"Lorem Ipsum is simply dummied text of the printing and typesetting industry."}},{"carousel_image_2":{"file":{"uid":"blt8657c24ed6c79dad","created_at":"2020-06-14T15:30:13.696Z","updated_at":"2020-06-14T15:30:13.696Z","created_by":"bltf01cfddcefa2394d","updated_by":"bltf01cfddcefa2394d","content_type":"image/jpeg","file_size":"76342","tags":[],"filename":"image6.jpeg","url":"https://images.contentstack.io/v3/assets/blt3d760ac5ff7f3ff6/blt8657c24ed6c79dad/5ee64285711ec84420520e42/image6.jpeg","ACL":[],"is_dir":false,"_version":1,"title":"image6.jpeg"},"single_line":"Side seen"}}],"created_at":"2020-06-15T10:47:15.006Z","created_by":"bltf01cfddcefa2394d","reference_footer":[{"uid":"bltbc2bdc5c89e4b36b","_content_type_uid":"footer"}],"reference_header":[{"uid":"blt1c68940321c47967","_content_type_uid":"header"}],"tags":[],"title":"Blog","updated_at":"2020-06-15T14:44:15.337Z","updated_by":"bltf01cfddcefa2394d","url":"/blogs"}