{"locale":"en-us","_in_progress":false,"_version":2,"banner":null,"contact_details":{"address":"8th Floor, New Viva College, New, Viva College Rd, opposite DMart, Vartak Ward, Virar West, Virar, 401303","phone":2506455391,"email":"contact@raweng.com","map":""},"created_at":"2020-04-02T08:09:28.538Z","created_by":"bltf01cfddcefa2394d","reference_footer":[{"uid":"blt26bae7968ed07787","_content_type_uid":"footer"}],"reference_header":[{"uid":"blt3eba6e90048c510b","_content_type_uid":"header"}],"tags":[],"title":"Contact","uid":"blt65cc4169da565329","updated_at":"2020-04-06T06:17:01.134Z","updated_by":"bltf01cfddcefa2394d","url":"/contact"}