{"locale":"en-us","_in_progress":false,"_version":1,"copywrite":"<p>Copyright © 2017 Built.io. All Rights Reserved.\n</p>","created_at":"2020-04-02T08:02:26.208Z","created_by":"bltf01cfddcefa2394d","nav_links":{"link":[{"title":"Home","href":"/"},{"title":"About","href":"/about"},{"title":"Contact","href":"/contact"}]},"social_share":[{"link":{"title":"Facebook","href":"#"},"icon_class":"fa fa-facebook"},{"link":{"title":"Twitter","href":"#"},"icon_class":"fa fa-twitter"},{"link":{"title":"Github","href":"#"},"icon_class":"fa fa-github"},{"link":{"title":"Bitbucket","href":"#"},"icon_class":"fa fa-bitbucket"}],"tags":[],"title":"Footer","uid":"blt26bae7968ed07787","updated_at":"2020-04-02T08:02:26.208Z","updated_by":"bltf01cfddcefa2394d"}