{"locale":"en-us","_in_progress":false,"_version":1,"created_at":"2020-04-02T07:56:17.463Z","created_by":"bltf01cfddcefa2394d","logo_image":{"uid":"bltba264e54368b99ba","created_at":"2020-04-02T07:51:53.546Z","updated_at":"2020-04-02T07:51:53.546Z","created_by":"bltf01cfddcefa2394d","updated_by":"bltf01cfddcefa2394d","content_type":"image/png","file_size":"4004","tags":[],"filename":"logo.png","url":"https://images.contentstack.io/v3/assets/blt9a66fc0dee28e4d0/bltba264e54368b99ba/5e859999b4eb6530674a9dc8/logo.png","ACL":[],"is_dir":false,"parent_uid":null,"_version":1,"title":"logo.png"},"logo_title":"logo","nav_menu":{"link":[{"title":"Home","href":"/"},{"title":"About","href":"/about"},{"title":"Contact","href":"/contact"}]},"tags":[],"title":"Header","uid":"blt3eba6e90048c510b","updated_at":"2020-04-02T07:56:17.463Z","updated_by":"bltf01cfddcefa2394d"}