{"locale":"en-us","_in_progress":false,"_version":1,"created_at":"2020-04-02T08:35:03.876Z","created_by":"bltf01cfddcefa2394d","hero_banner":[{"title":"Software  Developer","description":"We provide a brand new Static and Dynamic Website Design and Development and also all have our own techniques.","image":{"uid":"bltacc04d4d3f6f2c40","created_at":"2020-04-02T07:51:55.371Z","updated_at":"2020-04-02T07:51:55.371Z","created_by":"bltf01cfddcefa2394d","updated_by":"bltf01cfddcefa2394d","content_type":"image/jpeg","file_size":"67442","tags":[],"filename":"Optimized-banner-nexttheme-min.jpeg","url":"https://images.contentstack.io/v3/assets/blt9a66fc0dee28e4d0/bltacc04d4d3f6f2c40/5e85999b1095fd3156d55b7d/Optimized-banner-nexttheme-min.jpeg","ACL":[],"is_dir":false,"parent_uid":null,"_version":1,"title":"Optimized-banner-nexttheme-min.jpeg"},"cta":[]}],"reference_footer":[{"uid":"blt26bae7968ed07787","_content_type_uid":"footer"}],"reference_header":[{"uid":"blt3eba6e90048c510b","_content_type_uid":"header"}],"section_heading":{"title":"Portfolio","description":"Helping our clients to build a successful business on web and mobile.","heading":[{"title":"Web Development","description":"We provide Static and Dynamic Website Development in PHP4, PHP5 using MySql. We also provide Content Management System(CMS).","fontawesome_icon":"fa fa-desktop"},{"title":"App Design","description":"We listen to our clients and develop a customized Website and Application that will enhance your overall corporate image Buisness.","fontawesome_icon":"fa fa-cogs"},{"title":"Web Design","description":"We specialize in everything 'digital' – from Website designing, Logo designing to Content Management System,Copy Writing, Custom Software Development, SEO, e-commerce sites and many more.","fontawesome_icon":"fa fa-paint-brush"},{"title":"Marketing","description":"We provide Custom Softwares,  Private Institutes, Hospitals, Schools Offices are using our softwares.","fontawesome_icon":"fa fa-line-chart"}]},"tags":[],"title":"Home","uid":"blt5bf9bf0592ef8f7f","updated_at":"2020-04-02T08:35:03.876Z","updated_by":"bltf01cfddcefa2394d","url":"/"}